,1999 TO13,1999,Oct,5,6:31,0:01,12.3,0.0315,0.0312,14.96,<,1.00E-09,2.80E+02,21.3,94,8,JPL#13
,1999 SG10,1999,Oct,14,3:51,<  00:01,35.5,0.0913,0.0909,19.77,<,1.00E-09,6.90E+02,20.6,83,17,JPL#22
,1999 UR,1999,Oct,22,17:56,0:01,18.4,0.0473,0.047,10.01,<,1.00E-09,3.20E+02,21.5,54,4,JPL#02
,1999 VF22,1999,Oct,31,13:48,0:13,14.7,0.0377,0.0372,25.54,<,1.00E-09,3.00E+02,20.6,59,4,JPL#02
,1999 VR6,1999,Nov,18,5:31,<  00:01,30.2,0.0777,0.0759,21.58,<,1.00E-09,1.10E+02,21.1,68,7,JPL#04
,1999 KW4,2000,May,29,4:02,0:05,50.2,0.1291,0.129,19.64,<,1.00E-09,8.10E+04,16.6,252,56,JPL#42
,1999 MN,2000,Jun,2,9:50,2:47,59.9,0.1539,0.1457,20.29,<,1.00E-09,1.40E+04,21.6,45,25,JPL#14
,1999 JV6,2000,Jun,16,23:58,11:23,63.3,0.1625,0.1589,5.84,<,1.00E-09,9.50E+03,20,93,21,JPL#17
,1986 JK,2000,Jul,11,18:48,22:46,47.4,0.1219,0.1215,11.51,<,1.00E-09,3.40E+05,19,90*,179,JPL#18
,1998 BB10,2000,Jul,27,14:16,19:22,34.5,0.0886,0.0799,11.48,<,1.00E-09,8.00E+03,20.5,104,52,JPL#04
4486,Mithra,2000,Aug,14,8:14,0:02,18.1,0.0465,0.0465,17.57,<,1.00E-09,7.10E+04,15.6,64,9067,JPL#07
2340,Hathor,2000,Oct,25,5:58,<  00:01,76.7,0.197,0.197,19.42,<,1.00E-09,2.50E+05,19.2,72,7739,JPL#10
4179,Toutatis,2000,Oct,31,4:28,<  00:01,28.7,0.0739,0.0739,9.71,<,1.00E-09,7.70E+07,15.3,711*,3216,JPL#69
,1994 XL1,2000,Nov,26,5:19,16:05,59.6,0.1532,0.137,17.05,<,1.00E-09,9.40E+04,20.5,75,16,JPL#03
,1998 FG2,2000,Dec,19,,2/20:40,61.9,0.1589,0.1581,7.57,<,1.00E-09,5.10E+04,21.5,103,70,JPL#01
4183,Cuno,2000,Dec,22,19:04,<  00:01,55.5,0.1427,0.1427,21.2,<,1.00E-09,2.20E+05,14.4,173,14674,JPL#11
,1998 VD35,2001,Jan,2,5:11,4:04,38.7,0.0995,0.0991,11.29,<,1.00E-09,1.10E+05,20.4,30,189,JPL#16
,1994 WR12,2001,Jan,17,11:41,7:28,52.5,0.1349,0.0987,12.33,<,1.00E-09,1.00E+05,22,17,35,JPL#11
,1998 WT,2001,Feb,26,21:11,6:37,57.5,0.1477,0.1411,22.91,<,1.00E-09,2.50E+03,17.3,70,34,JPL#13
,1998 SF36,2001,Mar,28,22:07,21:20,16.9,0.0433,0.0377,7.06,<,1.00E-09,5.40E+03,18.8,50,46,JPL#12
4034,1986 PA,2001,Apr,3,1:06,<  00:01,57,0.1465,0.1465,12.49,<,1.00E-09,3.00E+05,18.1,96*,4754,JPL#07
,1999 KW4,2001,May,25,23:28,0:06,12.6,0.0323,0.0322,20.47,<,1.00E-09,2.00E+04,16.6,252,56,JPL#42
,1998 HD14,2001,Aug,26,6:14,0:07,29.4,0.0755,0.0755,9.82,<,1.00E-09,6.80E+03,21,55,392,JPL#05
,1998 ST27,2001,Oct,12,3:20,0:19,24,0.0618,0.0611,15.77,<,1.00E-09,1.40E+03,19.5,79,27,JPL#16
,1998 WT24,2001,Dec,16,7:29,9:53,4.8,0.0123,0.0114,8.89,<,1.00E-09,7.20E+03,17.7,43,33,JPL#11
3362,Khufu,2001,Dec,29,11:01,<  00:01,62.1,0.1596,0.1596,13.11,<,1.00E-09,4.00E+05,18.3,153,5216,JPL#06
4660,Nereus,2002,Jan,22,12:35,0:23,11.3,0.029,0.029,5.42,<,1.00E-09,3.70E+04,18.2,32,5813,JPL#09
3361,Orpheus,2002,Jan,27,20:33,0:01,66,0.1695,0.1695,7.66,<,1.00E-09,8.90E+05,19,84,5908,JPL#04
,1999 JT6,2002,Mar,9,18:04,3:34,74.4,0.1911,0.1902,13.69,<,1.00E-09,4.10E+04,16.2,141,193,JPL#26
,1999 GU3,2002,Apr,19,16:23,0:32,31.6,0.0813,0.0811,9.7,<,1.00E-09,5.10E+05,19.6,258*,101,JPL#30
,1999 KW4,2002,May,25,21:50,0:01,34.6,0.089,0.0888,22.74,<,1.00E-09,2.60E+04,16.6,252,56,JPL#42
5604,1992 FE,2002,Jun,22,6:21,<  00:01,29.9,0.0768,0.0768,10.51,<,1.00E-09,9.50E+04,16.4,48,6907,JPL#06
2101,Adonis,2002,Jun,29,17:50,<  00:01,62.7,0.161,0.161,29.51,<,1.00E-09,4.70E+05,18.7,57*,21572,JPL#12
,1998 WT,2002,Oct,17,5:52,9:32,39.8,0.1022,0.0946,21.16,<,1.00E-09,1.10E+04,17.3,70,34,JPL#13
,1997 XF11,2002,Oct,31,0:30,0:10,24.7,0.0635,0.0635,15.95,<,1.00E-09,3.30E+03,17,147,2923,JPL#21
3362,Khufu,2002,Dec,25,2:14,<  00:01,58.3,0.1498,0.1498,15.97,<,1.00E-09,4.00E+05,18.3,153,5216,JPL#06
,1999 DB7,2003,Feb,11,13:22,0:28,72.7,0.1867,0.1863,10.92,<,1.00E-09,2.60E+05,19.9,77,187,JPL#19
6489,Golevka,2003,May,20,16:08,<  00:01,35.9,0.0923,0.0923,12.36,<,1.00E-09,6.10E+06,19.2,686*,3021,JPL#54
,1998 FH12,2003,Jun,27,5:43,3:58,19,0.0489,0.045,18.3,<,1.00E-09,1.00E+03,19,44,66,JPL#01
,1994 PM,2003,Aug,16,14:12,0:02,9.7,0.025,0.025,26.4,<,1.00E-09,2.10E+05,17.5,94,678,JPL#03
,1978 CA,2003,Aug,30,,2/23:51,53.1,0.1364,0.0395,13.67,<,1.00E-09,9.40E+03,18,48,32,JPL#09
,1998 VS,2003,Sep,11,,4/01:48,61.5,0.158,0.1324,7.1,<,1.00E-09,1.00E+05,21.9,53,32,JPL#08
,1998 FG2,2003,Oct,22,,1/00:26,13.4,0.0345,0.0328,9.51,<,1.00E-09,5.30E+04,21.5,103,70,JPL#01
,1989 UQ,2003,Oct,24,13:46,0:01,58.2,0.1496,0.1496,5.98,<,1.00E-09,1.80E+05,19,114,2596,JPL#03
,1990 OS,2003,Nov,10,,2/08:02,11.8,0.0304,0.0224,9.08,<,1.00E-09,1.30E+04,20,28*,13,JPL#07
,1996 GT,2003,Nov,12,22:26,6:56,18.7,0.048,0.0476,6.01,<,1.00E-09,5.70E+03,18.5,26,720,JPL#02
,1998 UT18,2003,Nov,28,20:37,0:46,25.5,0.0656,0.0651,10.95,<,1.00E-09,3.90E+05,19,139,204,JPL#37
,1996 JG,2003,Nov,30,18:38,0:15,55.2,0.142,0.1417,24.31,<,1.00E-09,2.40E+05,19.5,263*,20,JPL#11
3362,Khufu,2003,Dec,20,21:13,<  00:01,75.7,0.1946,0.1946,18.88,<,1.00E-09,4.20E+05,18.3,153,5216,JPL#06
,1995 CR,2004,Jan,1,,2/19:05,30.7,0.0789,0.0626,31.17,<,1.00E-09,4.60E+04,21.5,158,20,JPL#09
6239,Minos,2004,Feb,2,21:16,<  00:01,21.9,0.0564,0.0564,11.67,<,1.00E-09,1.80E+05,17.9,57,5855,JPL#08
,1999 DJ4,2004,Apr,20,10:10,11:44,22.7,0.0584,0.0573,9.07,<,1.00E-09,2.40E+05,18.2,116,189,JPL#27
,1993 KH,2004,Jun,14,1:01,<  00:01,51.2,0.1315,0.1315,10.72,<,1.00E-09,3.50E+05,19,34,1672,JPL#03
,1998 SF36,2004,Jun,25,,1/20:28,5.3,0.0137,0.0129,5.95,<,1.00E-09,6.80E+02,18.8,50,46,JPL#12
,1999 MN,2004,Jul,11,2:32,20:33,6.7,0.0172,0.017,15.2,<,1.00E-09,1.10E+05,21.6,45,25,JPL#14
4179,Toutatis,2004,Sep,29,13:37,<  00:01,4,0.0104,0.0104,11,<,1.00E-09,1.00E+06,15.3,711*,3216,JPL#69
,1998 ST27,2004,Oct,9,11:27,1:47,47,0.1207,0.1189,20.39,<,1.00E-09,4.20E+02,19.5,79,27,JPL#16
,1998 WT24,2004,Nov,12,2:11,6:47,37.5,0.0964,0.0913,10.92,<,1.00E-09,9.20E+03,17.7,43,33,JPL#11
3908,Nyx,2004,Nov,14,22:45,<  00:01,54.3,0.1394,0.1394,8.88,<,1.00E-09,2.40E+06,17.4,602*,6033,JPL#11
7753,1988 XB,2004,Nov,21,22:56,<  00:01,28.4,0.0729,0.0729,11.34,<,1.00E-09,1.10E+05,18.6,246,3346,JPL#06
,1998 DV9,2005,Jan,11,9:45,0:38,30.2,0.0777,0.0775,8.65,<,1.00E-09,4.10E+04,18.1,126,500,JPL#11
,1998 WT,2005,Mar,7,17:38,14:49,27.4,0.0705,0.0576,16.69,<,1.00E-09,2.60E+03,17.3,70,34,JPL#13
,1999 RR28,2005,Mar,29,,1/18:18,17.9,0.046,0.021,19.86,<,1.00E-09,1.30E+03,18.6,86,39,JPL#25
,1999 GU3,2005,May,4,22:49,0:46,66.6,0.1711,0.1708,11.12,<,1.00E-09,8.40E+05,19.6,258*,101,JPL#30
,1999 MN,2005,Jun,1,8:08,0:44,27.8,0.0714,0.0333,17.47,<,1.00E-09,9.20E+03,21.6,45,25,JPL#14
,1992 UY4,2005,Aug,8,9:14,0:40,15.7,0.0404,0.0402,10.49,<,1.00E-09,2.00E+04,17.5,45,1395,JPL#06
,1999 RQ36,2005,Sep,20,10:44,0:05,12.9,0.0331,0.0331,6.84,<,1.00E-09,2.60E+05,21,167*,20,JPL#31
1862,Apollo,2005,Nov,6,19:15,<  00:01,29.3,0.0752,0.0752,15.23,<,1.00E-09,4.30E+05,16.2,246*,24876,JPL#35
,1994 XL1,2005,Dec,8,,1/12:34,22.7,0.0584,0.0413,16.05,<,1.00E-09,1.40E+05,20.5,75,16,JPL#03
3361,Orpheus,2006,Jan,11,13:17,0:01,62.2,0.1597,0.1597,7.25,<,1.00E-09,8.30E+05,19,84,5908,JPL#04
,1997 XR2,2006,Jul,10,,7/06:21,58.6,0.1505,0.1419,5.12,<,1.00E-09,1.00E+04,21,149,27,JPL#02
4450,Pan,2006,Sep,8,22:35,<  00:01,57,0.1464,0.1463,22.57,<,1.00E-09,1.40E+05,17.2,104,3355,JPL#03
,1999 GS6,2006,Sep,15,15:14,13:43,48.5,0.1247,0.1135,11.3,<,1.00E-09,1.10E+04,19.7,93,49,JPL#07
5011,Ptah,2007,Jan,21,23:14,0:03,77.1,0.1981,0.1981,10.12,<,1.00E-09,1.20E+05,17.1,32,13427,JPL#08
,1991 GO,2007,Apr,15,15:23,0:01,70.3,0.1807,0.1806,23.7,<,1.00E-09,9.40E+04,19.8,17,2948,JPL#10
,1998 VO,2007,May,7,3:28,18:54,24.4,0.0626,0.0561,7.61,<,1.00E-09,7.40E+03,20.4,113,37,JPL#14
1862,Apollo,2007,May,8,15:18,<  00:01,27.8,0.0714,0.0714,19.18,<,1.00E-09,4.40E+05,16.2,246*,24876,JPL#35
,1999 FA,2007,Sep,29,19:27,5:21,51.8,0.1331,0.1298,8,<,1.00E-09,4.90E+05,20.6,161,69,JPL#27
,1999 AQ10,2007,Oct,1,22:06,7:32,53.8,0.1382,0.1367,5.18,<,1.00E-09,2.20E+04,20.4,127,42,JPL#30
2340,Hathor,2007,Oct,22,5:43,<  00:01,23.3,0.06,0.06,15.07,<,1.00E-09,1.30E+05,19.2,72,7739,JPL#10
11500,1989 UR,2007,Nov,24,22:40,<  00:01,27.6,0.071,0.071,13.48,<,1.00E-09,2.80E+05,18.4,163,3588,JPL#18
3200,Phaethon,2007,Dec,10,4:44,<  00:01,47,0.1209,0.1209,37.45,<,1.00E-09,1.80E+05,14.6,369,5776,JPL#13
4450,Pan,2008,Feb,19,22:21,<  00:01,15.9,0.0408,0.0408,17.61,<,1.00E-09,7.70E+04,17.2,104,3355,JPL#03
,1999 JU3,2008,Feb,20,9:27,7:56,63.1,0.1622,0.1586,7.27,<,1.00E-09,8.80E+03,19.2,48,54,JPL#19
6037,1988 EG,2008,Mar,7,14:29,<  00:01,64.9,0.1667,0.1667,19.83,<,1.00E-09,2.30E+06,18.7,295*,3686,JPL#21
1620,Geographos,2008,Mar,17,11:41,<  00:01,48.7,0.1251,0.1251,9.74,<,1.00E-09,2.90E+06,15.6,965*,16994,JPL#65
,1999 SO5,2008,Apr,9,14:16,19:56,34.5,0.0887,0.0656,7.36,<,1.00E-09,5.00E+02,21.3,57,19,JPL#14
,1991 DG,2008,Aug,2,5:55,0:01,68.2,0.1753,0.1753,10.99,<,1.00E-09,3.20E+05,19,41,2806,JPL#05
,1991 VH,2008,Aug,15,12:59,0:01,17.8,0.0458,0.0458,7.84,<,1.00E-09,1.30E+05,16.5,210,2326,JPL#02
,1998 VO,2008,Oct,29,8:25,5:15,31.2,0.0803,0.0743,10.35,<,1.00E-09,6.20E+04,20.4,113,37,JPL#14
4179,Toutatis,2008,Nov,9,12:22,<  00:01,19.6,0.0502,0.0502,9.21,<,1.00E-09,1.30E+06,15.3,711*,3216,JPL#69
,1993 KH,2008,Nov,22,8:11,0:01,38.7,0.0994,0.0994,13.43,<,1.00E-09,1.90E+04,19,34,1672,JPL#03
,1998 UT18,2008,Nov,25,9:09,1:09,41,0.1053,0.1045,11.95,<,1.00E-09,3.70E+05,19,139,204,JPL#37
,1998 CS1,2009,Jan,17,20:02,6:54,10.9,0.0279,0.0241,18.51,<,1.00E-09,4.60E+04,17.5,71,192,JPL#06
,1999 AQ10,2009,Feb,18,15:27,0:07,4.6,0.0117,0.0103,8.28,<,1.00E-09,1.00E+04,20.4,127,42,JPL#30
,1978 CA,2009,Mar,7,,1/16:36,62.3,0.1602,0.1225,13.71,<,1.00E-09,1.10E+05,18,48,32,JPL#09
,1998 OR2,2009,Mar,19,,8/22:15,47.8,0.1228,0.0557,10.08,<,1.00E-09,1.50E+03,16.5,39,59,JPL#12
,1998 SC15,2009,Mar,23,16:23,2:49,77.4,0.1989,0.1977,10.15,<,1.00E-09,8.70E+04,19.4,80,243,JPL#17
,1996 FG3,2009,May,6,9:09,<  00:01,60.7,0.1561,0.1561,6.58,<,1.00E-09,8.80E+05,18.4,345,1065,JPL#05
,1991 JW,2009,May,23,23:25,0:11,31.6,0.0812,0.0812,5.08,<,1.00E-09,2.20E+05,19.3,29,15383,JPL#07
,1994 CC,2009,Jun,10,9:03,7:31,6.6,0.017,0.0166,8.38,<,1.00E-09,2.40E+03,18,41,766,JPL#02
,1999 DJ4,2009,Jun,12,9:46,8:46,70.3,0.1807,0.1782,12.18,<,1.00E-09,2.40E+05,18.2,116,189,JPL#27
,1999 MN,2009,Jul,12,11:51,3:09,26.2,0.0673,0.0173,17.31,<,1.00E-09,7.70E+04,21.6,45,25,JPL#14
8566,1996 EN,2009,Aug,28,10:42,<  00:01,75.6,0.1942,0.1942,21.2,<,1.00E-09,2.00E+05,16.5,294,5716,JPL#06
,1998 VF32,2009,Nov,22,,1/01:52,33.5,0.0861,0.0436,15.13,<,1.00E-09,4.10E+04,21.1,50,10,JPL#12
3361,Orpheus,2009,Dec,25,18:30,0:01,53.8,0.1383,0.1383,6.51,<,1.00E-09,7.50E+05,19,84,5908,JPL#04
4486,Mithra,2010,Mar,12,13:47,0:07,73.5,0.1889,0.1889,22.64,<,1.00E-09,1.10E+05,15.6,64,9067,JPL#07
,1999 MN,2010,Jun,3,,2/16:32,2.2,0.0057,0.0053,15.32,<,1.00E-09,1.10E+04,21.6,45,25,JPL#14
,1999 JD6,2010,Jul,27,6:57,0:01,54,0.1388,0.1385,16.86,<,1.00E-09,4.20E+04,16.7,209,158,JPL#42
6239,Minos,2010,Aug,10,21:08,<  00:01,38.3,0.0985,0.0985,10.17,<,1.00E-09,1.40E+05,17.9,57,5855,JPL#08
,1989 UQ,2010,Oct,21,6:54,0:01,59.7,0.1533,0.1533,6.01,<,1.00E-09,2.10E+05,19,114,2596,JPL#03
,1991 JW,2010,Nov,28,21:47,0:04,37,0.0952,0.0951,7.82,<,1.00E-09,8.60E+04,19.3,29,15383,JPL#07
,1998 HE3,2011,Feb,3,6:45,0:12,37.9,0.0973,0.0967,15.18,<,1.00E-09,1.80E+03,21.5,106,24,JPL#04
,1998 FH12,2011,Jun,23,14:36,8:22,52.7,0.1353,0.1269,20.91,<,1.00E-09,1.10E+03,19,44,66,JPL#01
,1999 RQ36,2011,Sep,11,0:50,0:04,68.7,0.1766,0.1766,10.77,<,1.00E-09,7.90E+05,21,167*,20,JPL#31
,1998 SC15,2011,Oct,18,18:13,1:27,47.3,0.1215,0.1202,16.79,<,1.00E-09,1.70E+05,19.4,80,243,JPL#17
,1996 FG3,2011,Nov,23,15:43,0:01,39.5,0.1014,0.1014,8.13,<,1.00E-09,6.20E+05,18.4,345,1065,JPL#05
,1994 XL1,2011,Nov,29,,2/09:03,44.7,0.1148,0.0777,16.31,<,1.00E-09,9.00E+04,20.5,75,16,JPL#03
,1999 RD32,2012,Mar,13,,5/03:46,51.6,0.1325,0.0814,19.35,<,1.00E-09,1.40E+04,16.3,189,42,JPL#38
,1999 GS6,2012,Mar,25,23:16,22:11,44.6,0.1146,0.0982,11.62,<,1.00E-09,3.00E+04,19.7,93,49,JPL#07
,1996 SK,2012,Apr,18,16:28,20:09,67.9,0.1745,0.1629,19.21,<,1.00E-09,2.70E+04,17.2,90,302,JPL#02
,1998 HE3,2012,May,10,17:44,0:50,13.2,0.0339,0.0286,11.88,<,1.00E-09,5.30E+03,21.5,106,24,JPL#04
4183,Cuno,2012,May,20,19:13,<  00:01,47.4,0.1218,0.1218,14.4,<,1.00E-09,4.00E+05,14.4,173,14674,JPL#11
,1999 BJ8,2012,Jun,16,10:38,12:38,68.7,0.1766,0.1736,14.87,<,1.00E-09,4.50E+05,18,255,218,JPL#22
,1994 PM,2012,Aug,12,7:52,0:08,37,0.0952,0.095,28.73,<,1.00E-09,1.80E+05,17.5,94,678,JPL#03
4581,Asclepius,2012,Aug,16,8:49,0:07,42,0.1079,0.1078,13.48,<,1.00E-09,2.40E+04,20.4,34,444,JPL#04
4769,Castalia,2012,Aug,28,17:07,<  00:01,44.2,0.1135,0.1135,12.05,<,1.00E-09,9.40E+05,16.9,98*,2179,JPL#19
,1998 QC1,2012,Sep,15,1:46,11:46,62.8,0.1613,0.1569,16.96,<,1.00E-09,1.30E+05,19.6,92,189,JPL#27
4179,Toutatis,2012,Dec,12,6:40,<  00:01,18,0.0463,0.0463,11.91,<,1.00E-09,7.60E+05,15.3,711*,3216,JPL#69
,1998 WT24,2012,Dec,23,6:13,7:09,70.4,0.1809,0.1633,14.96,<,1.00E-09,1.70E+04,17.7,43,33,JPL#11
4034,1986 PA,2013,Apr,1,23:08,<  00:01,59.5,0.1528,0.1528,12.14,<,1.00E-09,3.00E+05,18.1,96*,4754,JPL#07
7753,1988 XB,2013,Jul,10,13:19,<  00:01,46,0.1183,0.1183,10.2,<,1.00E-09,2.50E+05,18.6,246,3346,JPL#06
6037,1988 EG,2013,Aug,12,4:01,<  00:01,71.9,0.1847,0.1847,20.2,<,1.00E-09,1.10E+06,18.7,295*,3686,JPL#21
,1999 CF9,2013,Aug,22,22:46,7:22,24.2,0.0623,0.0573,18.88,<,1.00E-09,1.00E+05,17.9,224,214,JPL#41
,1998 ML14,2013,Aug,24,10:30,1:29,21.9,0.0562,0.0561,10.36,<,1.00E-09,7.30E+05,17.6,248*,214,JPL#53
4581,Asclepius,2013,Aug,25,15:03,0:06,46.2,0.1188,0.1188,7.58,<,1.00E-09,7.80E+04,20.4,34,444,JPL#04
,1998 UT18,2013,Nov,21,15:53,1:09,67.1,0.1725,0.1715,13.62,<,1.00E-09,3.10E+05,19,139,204,JPL#37
,1996 RG3,2013,Nov,26,,1/21:43,61.9,0.1591,0.1552,11.22,<,1.00E-09,1.60E+05,18.5,97,245,JPL#02
3361,Orpheus,2013,Dec,7,0:10,<  00:01,40.1,0.1032,0.1032,6.06,<,1.00E-09,4.90E+05,19,84,5908,JPL#04
,1999 JV6,2014,Jan,13,,5/13:29,60,0.1541,0.1293,6.46,<,1.00E-09,3.40E+04,20,93,21,JPL#17
,1995 SA,2014,Apr,3,,1/03:31,74.3,0.191,0.1822,14.18,<,1.00E-09,7.80E+02,17.5,19,1687,JPL#04
2340,Hathor,2014,Oct,21,21:28,<  00:01,18.8,0.0482,0.0482,11.91,<,1.00E-09,1.20E+05,19.2,72,7739,JPL#10
,1998 SS49,2014,Nov,18,10:02,4:03,73.8,0.1895,0.1863,23.09,<,1.00E-09,2.50E+05,15.9,102,280,JPL#26
,1999 JV6,2015,Jan,5,13:46,15:52,34.2,0.088,0.0624,7.56,<,1.00E-09,3.50E+04,20,93,21,JPL#17
,1998 HD14,2015,Apr,14,20:03,0:33,72.1,0.1854,0.1848,14.87,<,1.00E-09,2.90E+04,21,55,392,JPL#05
,1999 FN53,2015,May,14,12:39,2:28,26.4,0.068,0.0676,13.73,<,1.00E-09,2.40E+06,18.4,124*,190,JPL#36
1566,Icarus,2015,Jun,16,15:39,<  00:01,21,0.0538,0.0538,30.22,<,1.00E-09,1.10E+06,16.4,579*,17174,JPL#29
,1994 AW1,2015,Jul,15,14:24,0:16,25.3,0.0651,0.0647,12.45,<,1.00E-09,4.40E+04,17.5,179,269,JPL#06
,1999 JD6,2015,Jul,25,5:10,0:22,18.8,0.0484,0.0483,20.32,<,1.00E-09,3.80E+04,16.7,209,158,JPL#42
7822,1991 CS,2015,Sep,4,23:28,<  00:01,62.1,0.1596,0.1596,18.95,<,1.00E-09,3.60E+05,17.4,204*,2383,JPL#08
,1998 WT24,2015,Dec,12,,3/11:51,10.3,0.0265,0.0186,8.54,<,1.00E-09,5.90E+03,17.7,43,33,JPL#11
,1999 JV6,2016,Jan,5,22:20,17:47,13.2,0.0339,0.0314,9.48,<,1.00E-09,2.90E+04,20,93,21,JPL#17
7822,1991 CS,2016,Feb,23,6:13,<  00:01,65.5,0.1683,0.1683,19.12,<,1.00E-09,2.70E+06,17.4,204*,2383,JPL#08
,1998 HD14,2016,Apr,9,14:45,1:53,60.3,0.1549,0.1543,6.14,<,1.00E-09,4.30E+04,21,55,392,JPL#05
,1997 XF11,2016,Jun,10,15:04,1:04,70,0.1798,0.1797,9.77,<,1.00E-09,9.30E+04,17,147,2923,JPL#21
,1998 HL3,2016,Jul,7,,8/04:28,75.9,0.195,0.1797,7.25,<,1.00E-09,5.00E+03,20,61,36,JPL#04
,1999 SO5,2016,Oct,14,,5/21:52,63.5,0.163,0.1604,7.24,<,1.00E-09,4.90E+03,21.3,57,19,JPL#14
,1999 AQ10,2016,Oct,18,7:41,13:35,55.8,0.1434,0.1305,10.92,<,1.00E-09,1.70E+04,20.4,127,42,JPL#30
,1997 XR2,2016,Nov,18,6:48,12:13,23.3,0.0599,0.0418,5.96,<,1.00E-09,9.00E+04,21,149,27,JPL#02
,1994 XL1,2016,Dec,10,,2/00:26,37.7,0.0969,0.0525,16.7,<,1.00E-09,1.40E+05,20.5,75,16,JPL#03
2102,Tantalus,2016,Dec,30,14:32,<  00:01,53.5,0.1375,0.1375,32.76,<,1.00E-09,3.10E+05,16.2,190,8265,JPL#16
,1999 JV6,2017,Jan,7,,1/06:46,25,0.0643,0.0377,11.5,<,1.00E-09,2.50E+04,20,93,21,JPL#17
5604,1992 FE,2017,Feb,24,10:05,<  00:01,13.1,0.0336,0.0336,11.95,<,1.00E-09,6.60E+04,16.4,48,6907,JPL#06
,1999 KW4,2017,May,31,14:36,0:43,65,0.1671,0.1666,19.68,<,1.00E-09,1.10E+05,16.6,252,56,JPL#42
,1998 VO,2017,Jun,12,,3/15:19,73.6,0.1892,0.1834,6.78,<,1.00E-09,1.40E+04,20.4,113,37,JPL#14
5189,1990 UQ,2017,Sep,26,18:08,0:03,23.8,0.061,0.061,13.97,<,1.00E-09,9.40E+04,17.3,37,2949,JPL#04
,1989 UQ,2017,Oct,16,2:14,0:02,60.8,0.1563,0.1563,6.08,<,1.00E-09,2.20E+05,19,114,2596,JPL#03
,1989 UP,2017,Nov,2,16:25,0:03,21.4,0.0549,0.0549,8.46,<,1.00E-09,3.80E+04,20.5,72,1944,JPL#04
3361,Orpheus,2017,Nov,25,16:30,<  00:01,23.6,0.0607,0.0607,7.13,<,1.00E-09,3.40E+05,19,84,5908,JPL#04
3200,Phaethon,2017,Dec,16,23:00,<  00:01,26.8,0.0689,0.0689,31.89,<,1.00E-09,1.40E+05,14.6,369,5776,JPL#13
,1999 JV6,2018,Jan,10,,1/11:42,51.8,0.133,0.0956,13.68,<,1.00E-09,2.30E+04,20,93,21,JPL#17
,1999 AQ10,2018,Jan,29,,6/09:45,54.2,0.1394,0.1266,5.8,<,1.00E-09,1.30E+04,20.4,127,42,JPL#30
1981,Midas,2018,Mar,21,21:20,<  00:01,34.9,0.0896,0.0896,26.51,<,1.00E-09,6.70E+04,15.5,95*,9534,JPL#15
,1999 KW4,2018,May,27,13:08,0:35,30.3,0.0779,0.0772,19.9,<,1.00E-09,3.70E+04,16.6,252,56,JPL#42
,1998 HD14,2018,Sep,7,10:29,1:09,62.4,0.1604,0.1601,6.14,<,1.00E-09,9.80E+04,21,55,392,JPL#05
,1998 WT24,2018,Nov,11,10:49,3:07,51.2,0.1316,0.1153,12.41,<,1.00E-09,9.80E+03,17.7,43,33,JPL#11
4953,1990 MU,2018,Nov,29,10:38,0:01,41.6,0.1068,0.1068,23.43,<,1.00E-09,2.70E+05,14.1,81*,9142,JPL#14
2340,Hathor,2019,Jan,13,18:02,<  00:01,56.1,0.144,0.144,10.28,<,1.00E-09,3.80E+05,19.2,72,7739,JPL#10
4581,Asclepius,2019,Mar,22,8:51,0:21,53.7,0.138,0.1377,6.95,<,1.00E-09,4.80E+03,20.4,34,444,JPL#04
,1998 SC15,2019,Apr,16,16:02,2:21,54.7,0.1405,0.1385,17.76,<,1.00E-09,1.30E+04,19.4,80,243,JPL#17
,1998 OH,2019,May,16,9:47,0:17,72.7,0.1868,0.1866,18.67,<,1.00E-09,4.20E+04,16.1,99,2595,JPL#15
,1999 KW4,2019,May,25,23:02,0:05,13.6,0.035,0.0342,21.52,<,1.00E-09,1.50E+04,16.6,252,56,JPL#42
5604,1992 FE,2019,Jun,18,8:29,0:04,51.3,0.1318,0.1317,15.56,<,1.00E-09,8.40E+04,16.4,48,6907,JPL#06
11500,1989 UR,2019,Jun,21,0:54,<  00:01,72.8,0.187,0.187,16.21,<,1.00E-09,6.00E+05,18.4,163,3588,JPL#18
1620,Geographos,2019,Aug,31,17:20,<  00:01,53.4,0.1373,0.1373,15.28,<,1.00E-09,4.40E+06,15.6,965*,16994,JPL#65
,1999 GS6,2019,Sep,15,,1/02:58,43.2,0.1111,0.0893,11.7,<,1.00E-09,1.10E+04,19.7,93,49,JPL#07
,1998 HL1,2019,Oct,25,15:58,6:07,16.2,0.0416,0.0415,11.2,<,1.00E-09,1.50E+04,19,61,100,JPL#10
,1993 KH,2019,Nov,8,3:07,0:03,39.5,0.1014,0.1014,8.93,<,1.00E-09,3.80E+04,19,34,1672,JPL#03
4581,Asclepius,2020,Mar,25,14:50,0:13,27.5,0.0706,0.0703,12.77,<,1.00E-09,1.50E+04,20.4,34,444,JPL#04
,1991 DG,2020,Apr,6,2:40,0:05,32.9,0.0845,0.0845,8.88,<,1.00E-09,9.80E+04,19,41,2806,JPL#05
,1997 BQ,2020,May,21,21:47,0:22,16,0.0412,0.0411,11.68,<,1.00E-09,8.70E+04,18,158,679,JPL#04
,1999 KW4,2020,May,26,17:32,0:25,62.4,0.1602,0.1593,24.64,<,1.00E-09,2.10E+04,16.6,252,56,JPL#42
,1999 JD6,2020,Jul,20,13:18,0:28,50.8,0.1304,0.1299,23.72,<,1.00E-09,3.50E+04,16.7,209,158,JPL#42
8014,1990 MF,2020,Jul,23,23:09,0:01,21.3,0.0547,0.0547,7.64,<,1.00E-09,9.40E+05,18.7,78*,2760,JPL#11
7753,1988 XB,2020,Nov,22,16:55,<  00:01,25.8,0.0662,0.0662,11.52,<,1.00E-09,1.10E+05,18.6,246,3346,JPL#06
,1999 JU3,2020,Dec,27,,3/09:58,22.4,0.0577,0.0515,4.1,<,1.00E-09,9.30E+02,19.2,48,54,JPL#19
,1993 BX3,2021,Jan,17,8:44,0:16,18.4,0.0473,0.0473,3.6,<,1.00E-09,1.10E+05,21,41,1890,JPL#05
5189,1990 UQ,2021,May,6,15:13,0:04,26.6,0.0682,0.0682,13.49,<,1.00E-09,1.80E+05,17.3,37,2949,JPL#04
,1994 PM,2021,Aug,8,7:45,0:13,74.4,0.1911,0.1909,31.55,<,1.00E-09,1.50E+05,17.5,94,678,JPL#03
7822,1991 CS,2021,Aug,25,19:35,<  00:01,56.6,0.1454,0.1454,20.71,<,1.00E-09,3.80E+05,17.4,204*,2383,JPL#08
,1998 ST27,2021,Oct,6,23:31,10:26,73.3,0.1884,0.1835,13.89,<,1.00E-09,3.00E+03,19.5,79,27,JPL#16
2340,Hathor,2021,Nov,1,1:58,<  00:01,62.5,0.1606,0.1606,10.01,<,1.00E-09,6.60E+05,19.2,72,7739,JPL#10
3361,Orpheus,2021,Nov,21,19:20,<  00:01,15,0.0386,0.0386,8.14,<,1.00E-09,3.10E+05,19,84,5908,JPL#04
4660,Nereus,2021,Dec,11,13:31,0:35,10.3,0.0263,0.0263,6.58,<,1.00E-09,2.90E+04,18.2,32,5813,JPL#09
7482,1994 PC1,2022,Jan,18,21:51,0:01,5.2,0.0132,0.0132,19.55,<,1.00E-09,1.50E+04,16.8,238*,8344,JPL#14
,1996 FO3,2022,Jan,19,,1/02:33,57.8,0.1485,0.1372,6.96,<,1.00E-09,5.30E+03,20.5,36,89,JPL#01
,1996 FG3,2022,May,3,21:52,0:02,30.5,0.0783,0.0783,8.96,<,1.00E-09,5.80E+05,18.4,345,1065,JPL#05
7335,1989 JA,2022,May,27,14:26,0:01,10.5,0.0269,0.0269,13.12,<,1.00E-09,2.00E+05,16.5,143*,2805,JPL#10
5693,1993 EA,2022,May,28,5:05,<  00:01,26.7,0.0686,0.0686,20.39,<,1.00E-09,2.50E+05,17,154,5623,JPL#09
,1998 HL3,2022,Jun,30,,8/02:16,69.9,0.1797,0.1589,6.9,<,1.00E-09,5.00E+03,20,61,36,JPL#04
,1997 NC1,2022,Jul,4,23:46,0:56,42.9,0.1102,0.1097,8.83,<,1.00E-09,3.30E+04,18.5,108,270,JPL#01
,1994 AW1,2022,Jul,9,13:23,0:15,43.5,0.1118,0.1115,13.18,<,1.00E-09,4.80E+04,17.5,179,269,JPL#06
,1996 GT,2022,Oct,4,,1/01:52,27.9,0.0717,0.0689,6.01,<,1.00E-09,1.20E+04,18.5,26,720,JPL#02
,1998 SS49,2022,Nov,21,17:46,5:57,54.9,0.141,0.137,21.35,<,1.00E-09,2.60E+05,15.9,102,280,JPL#26
,1990 HA,2022,Nov,25,,5/12:45,34,0.0873,0.0718,19.2,<,1.00E-09,6.60E+04,16,44,212,JPL#05
,1993 VB,2023,Feb,22,,2/18:51,18.8,0.0483,0.0246,11.22,<,1.00E-09,7.80E+03,19.5,51,179,JPL#04
,1999 RR28,2023,Apr,5,,2/15:14,65.4,0.1681,0.1175,23.46,<,1.00E-09,1.80E+03,18.6,86,39,JPL#25
4486,Mithra,2023,Apr,11,16:55,0:36,63.3,0.1627,0.1626,13.45,<,1.00E-09,1.80E+05,15.6,64,9067,JPL#07
,1998 BB10,2023,Jul,11,,2/09:48,75.5,0.1941,0.1431,18.86,<,1.00E-09,1.20E+04,20.5,104,52,JPL#04
4769,Castalia,2023,Aug,22,9:23,0:02,42.8,0.11,0.11,18.2,<,1.00E-09,5.10E+05,16.9,98*,2179,JPL#19
6037,1988 EG,2023,Aug,23,8:19,<  00:01,15.8,0.0407,0.0407,14.25,<,1.00E-09,9.00E+05,18.7,295*,3686,JPL#21
,1998 HH49,2023,Oct,16,23:45,13:02,2.9,0.0074,0.0025,14.78,<,1.00E-09,3.60E+03,21.5,15,171,JPL#04
,1986 JK,2024,Jun,2,16:35,8:53,31.2,0.0802,0.0766,14,<,1.00E-09,8.50E+04,19,90*,179,JPL#18
,1998 ST27,2024,Oct,12,2:06,0:57,9.6,0.0247,0.019,16.6,<,1.00E-09,1.30E+03,19.5,79,27,JPL#16
,1989 UQ,2024,Oct,15,16:01,0:02,60.7,0.1559,0.1559,6.05,<,1.00E-09,2.00E+05,19,114,2596,JPL#03
,1996 FG3,2024,Nov,25,16:28,0:03,70.1,0.18,0.18,6.12,<,1.00E-09,1.10E+06,18.4,345,1065,JPL#05
,1998 HE3,2025,Feb,3,11:02,2:05,48.1,0.1236,0.1225,16.16,<,1.00E-09,8.70E+02,21.5,106,24,JPL#04
6239,Minos,2025,Feb,5,9:34,<  00:01,38.6,0.0991,0.0991,10.18,<,1.00E-09,2.10E+05,17.9,57,5855,JPL#08
,1999 CF9,2025,Mar,8,0:24,5:10,20.9,0.0536,0.0502,18.63,<,1.00E-09,1.80E+05,17.9,224,214,JPL#41
,1999 GS6,2025,Mar,26,,1/05:39,49.1,0.126,0.1048,11.26,<,1.00E-09,3.10E+04,19.7,93,49,JPL#07
4034,1986 PA,2025,Apr,1,10:04,<  00:01,61,0.1568,0.1568,11.98,<,1.00E-09,3.10E+05,18.1,96*,4754,JPL#07
,1999 SO5,2025,Apr,3,,1/10:06,30.6,0.0785,0.0387,7.56,<,1.00E-09,7.60E+02,21.3,57,19,JPL#14
,1996 JG,2025,Jun,5,13:04,1:36,65.7,0.1688,0.1681,15.16,<,1.00E-09,9.20E+05,19.5,263*,20,JPL#11
,1997 XR2,2025,Jun,10,,3/20:30,34.5,0.0887,0.0652,5.18,<,1.00E-09,2.50E+03,21,149,27,JPL#02
,1991 VH,2025,Aug,2,3:26,0:01,30.4,0.0781,0.0781,8.67,<,1.00E-09,2.00E+05,16.5,210,2326,JPL#02
,1997 QK1,2025,Aug,21,,2/09:16,7.8,0.0201,0.0199,9.85,<,1.00E-09,1.30E+05,20.1,161,158,JPL#03
3361,Orpheus,2025,Nov,19,1:27,<  00:01,14.8,0.0379,0.0379,9.08,<,1.00E-09,3.00E+05,19,84,5908,JPL#04
2340,Hathor,2026,Jan,17,11:24,<  00:01,40.6,0.1044,0.1044,13.91,<,1.00E-09,3.70E+05,19.2,72,7739,JPL#10
,1998 HE3,2026,May,10,11:19,4:12,29.2,0.0751,0.0698,10.79,<,1.00E-09,8.70E+03,21.5,106,24,JPL#04
,1997 NC1,2026,Jun,27,11:05,0:51,6.7,0.0172,0.017,8.89,<,1.00E-09,3.30E+04,18.5,108,270,JPL#01
1620,Geographos,2026,Aug,12,8:35,<  00:01,66.3,0.1704,0.1704,8.36,<,1.00E-09,1.40E+06,15.6,965*,16994,JPL#65
,1999 FA,2026,Sep,14,,2/10:23,49.2,0.1265,0.1206,6.53,<,1.00E-09,4.30E+05,20.6,161,69,JPL#27
,1998 WT24,2026,Dec,24,8:11,2:21,40.8,0.1048,0.0842,12.31,<,1.00E-09,1.70E+04,17.7,43,33,JPL#11
5693,1993 EA,2026,Dec,30,10:21,<  00:01,20.7,0.0531,0.0531,17.22,<,1.00E-09,4.00E+04,17,154,5623,JPL#09
,1999 JT6,2027,Feb,20,,2/11:54,61.3,0.1576,0.1563,10.74,<,1.00E-09,4.10E+04,16.2,141,193,JPL#26
,1999 FA,2027,Mar,3,10:23,19:39,21.8,0.056,0.0412,6.53,<,1.00E-09,1.50E+04,20.6,161,69,JPL#27
4769,Castalia,2027,Apr,4,3:44,0:03,50.1,0.1288,0.1288,13.76,<,1.00E-09,3.80E+05,16.9,98*,2179,JPL#19
,1991 JW,2027,May,19,16:50,0:10,38.9,0.1,0.0999,4.95,<,1.00E-09,2.40E+05,19.3,29,15383,JPL#07
4953,1990 MU,2027,Jun,6,22:44,0:01,12,0.0308,0.0308,23.82,<,1.00E-09,1.00E+05,14.1,81*,9142,JPL#14
,1998 CS1,2027,Jul,19,4:38,16:48,28.8,0.0739,0.0643,15.88,<,1.00E-09,3.40E+04,17.5,71,192,JPL#06
,1990 OS,2027,Jul,28,19:32,17:29,56,0.1438,0.1334,14.17,<,1.00E-09,2.50E+04,20,28*,13,JPL#07
,1999 AN10,2027,Aug,7,7:10,0:01,1,0.0026,0.0026,26.28,<,1.00E-09,1.30E+03,18,130,16267,JPL#41
,1998 ST27,2027,Oct,9,10:55,3:45,58.3,0.1499,0.1455,21.2,<,1.00E-09,6.10E+02,19.5,79,27,JPL#16
5011,Ptah,2027,Nov,3,23:56,0:03,74.4,0.1912,0.1911,17.44,<,1.00E-09,1.00E+05,17.1,32,13427,JPL#08
,1998 DV9,2028,Feb,17,16:53,1:32,24.6,0.0633,0.063,8.14,<,1.00E-09,6.40E+04,18.1,126,500,JPL#11
11500,1989 UR,2028,Jun,11,19:20,<  00:01,34.6,0.0888,0.0888,12.37,<,1.00E-09,4.20E+05,18.4,163,3588,JPL#18
,1998 HL3,2028,Jun,26,,7/07:08,66,0.1695,0.1449,6.83,<,1.00E-09,4.90E+03,20,61,36,JPL#04
,1998 ML14,2028,Jul,22,13:10,0:16,61.1,0.157,0.1568,16.91,<,1.00E-09,7.00E+05,17.6,248*,214,JPL#53
9856,1991 EE,2028,Sep,10,0:22,0:06,37.6,0.0967,0.0967,17.97,<,1.00E-09,4.60E+05,17.5,101*,2833,JPL#20
,1997 XF11,2028,Oct,26,6:17,0:26,2.5,0.0064,0.0062,13.91,<,1.00E-09,2.10E+02,17,147,2923,JPL#21
,1991 JW,2028,Nov,30,20:44,0:01,52.3,0.1345,0.1345,8.83,<,1.00E-09,9.10E+04,19.3,29,15383,JPL#07
7753,1988 XB,2029,Jul,9,23:02,<  00:01,44.7,0.1148,0.1148,10.29,<,1.00E-09,2.90E+05,18.6,246,3346,JPL#06
3361,Orpheus,2029,Nov,14,21:39,<  00:01,32.8,0.0842,0.0842,10.92,<,1.00E-09,2.70E+05,19,84,5908,JPL#04
,1998 WT24,2029,Nov,27,,3/11:30,19.1,0.049,0.0468,8.48,<,1.00E-09,7.10E+03,17.7,43,33,JPL#11
5011,Ptah,2030,Feb,11,12:06,0:23,67.7,0.1741,0.1741,9.69,<,1.00E-09,2.60E+05,17.1,32,13427,JPL#08
,1998 HE3,2030,Feb,15,11:06,3:19,75.1,0.1929,0.1926,9.29,<,1.00E-09,1.00E+03,21.5,106,24,JPL#04
,1997 NC1,2030,Jun,23,21:02,0:57,51.7,0.1329,0.1288,10.7,<,1.00E-09,3.80E+04,18.5,108,270,JPL#01
,1996 RG3,2030,Nov,2,,1/06:36,24.7,0.0635,0.058,13.17,<,1.00E-09,1.30E+05,18.5,97,245,JPL#02
,1998 SS49,2030,Nov,22,20:53,7:12,48.6,0.125,0.1206,20.75,<,1.00E-09,2.60E+05,15.9,102,280,JPL#26
,1998 BB10,2031,Jan,3,,2/09:56,59.1,0.1519,0.1086,9.91,<,1.00E-09,2.60E+04,20.5,104,52,JPL#04
4660,Nereus,2031,Mar,2,7:48,0:12,44.8,0.115,0.1149,9.77,<,1.00E-09,6.40E+03,18.2,32,5813,JPL#09
,1999 FN53,2031,May,18,6:56,6:20,33.3,0.0854,0.0842,13.69,<,1.00E-09,2.70E+06,18.4,124*,190,JPL#36
6239,Minos,2031,Aug,9,13:36,<  00:01,50.3,0.1294,0.1294,9.2,<,1.00E-09,3.40E+05,17.9,57,5855,JPL#08
,1989 UQ,2031,Oct,12,15:29,0:01,61.8,0.1588,0.1588,6.11,<,1.00E-09,1.90E+05,19,114,2596,JPL#03
5693,1993 EA,2032,Jun,3,5:08,<  00:01,35.6,0.0914,0.0914,16.44,<,1.00E-09,2.70E+05,17,154,5623,JPL#09
4450,Pan,2032,Sep,3,17:40,<  00:01,24.5,0.0629,0.0629,19.75,<,1.00E-09,1.40E+05,17.2,104,3355,JPL#03
,1999 GS6,2032,Sep,13,21:23,21:44,38.8,0.0996,0.0816,12.03,<,1.00E-09,1.10E+04,19.7,93,49,JPL#07
1981,Midas,2032,Sep,14,14:57,<  00:01,33.6,0.0864,0.0863,26.42,<,1.00E-09,1.60E+05,15.5,95*,9534,JPL#15
,1999 GK4,2032,Sep,22,21:13,0:01,72.4,0.186,0.186,13.79,<,1.00E-09,4.20E+04,16.1,260,16194,JPL#30
2340,Hathor,2033,Jan,13,13:47,<  00:01,77.7,0.1997,0.1997,18.51,<,1.00E-09,3.90E+05,19.2,72,7739,JPL#10
,1998 HD14,2033,Apr,5,7:45,0:14,25.1,0.0645,0.0641,8.23,<,1.00E-09,1.20E+05,21,55,392,JPL#05
,1999 BJ8,2033,Apr,19,,6/01:37,71.1,0.1827,0.1804,11.04,<,1.00E-09,8.20E+05,18,255,218,JPL#22
8566,1996 EN,2033,Sep,8,14:41,0:01,11.8,0.0303,0.0303,23.36,<,1.00E-09,1.40E+05,16.5,294,5716,JPL#06
3361,Orpheus,2033,Nov,10,1:27,<  00:01,64.6,0.1659,0.1659,13.5,<,1.00E-09,2.60E+05,19,84,5908,JPL#04
,1998 WZ1,2033,Dec,15,,3/19:30,47,0.1207,0.0943,11.67,<,1.00E-09,3.40E+05,19.9,49,188,JPL#16
,1999 JU3,2033,Dec,20,21:32,8:59,18.2,0.0468,0.046,4.08,<,1.00E-09,6.30E+02,19.2,48,54,JPL#19
,1991 AQ,2034,Jan,21,7:45,0:02,32.8,0.0842,0.0842,27.12,<,1.00E-09,6.40E+05,17,88*,1359,JPL#04
4450,Pan,2034,Feb,15,8:33,<  00:01,25.3,0.0649,0.0649,20.23,<,1.00E-09,7.80E+04,17.2,104,3355,JPL#03
5604,1992 FE,2034,Feb,28,17:42,0:43,51.1,0.1313,0.1304,15.9,<,1.00E-09,6.00E+04,16.4,48,6907,JPL#06
,1999 SO5,2034,Apr,14,23:06,9:10,76.3,0.1961,0.1785,8.79,<,1.00E-09,5.30E+01,21.3,57,19,JPL#14
,1999 KW4,2034,Jun,2,17:15,0:56,76.4,0.1964,0.1957,19.87,<,1.00E-09,1.10E+05,16.6,252,56,JPL#42
,1999 AN10,2034,Jul,30,16:51,3:05,69.7,0.1792,0.1759,23.1,<,1.00E-09,2.00E+04,18,130,16267,JPL#41
,1997 BR,2034,Aug,2,17:17,<  00:01,66.1,0.1698,0.1698,14.97,<,1.00E-09,4.30E+05,17.5,421*,6481,JPL#05
2061,Anza,2035,Sep,27,14:05,0:02,20.9,0.0537,0.0537,6.66,<,1.00E-09,1.80E+05,16.6,55,13347,JPL#01
2101,Adonis,2036,Feb,7,6:09,<  00:01,13.9,0.0357,0.0357,23.77,<,1.00E-09,1.20E+05,18.7,57*,21572,JPL#12
5604,1992 FE,2036,Jun,22,11:35,0:19,26.1,0.067,0.0664,10.96,<,1.00E-09,9.30E+04,16.4,48,6907,JPL#06
4486,Mithra,2036,Jul,26,6:27,0:45,60.6,0.1557,0.1556,13.45,<,1.00E-09,1.00E+05,15.6,64,9067,JPL#07
7753,1988 XB,2036,Nov,20,17:54,<  00:01,32.7,0.0839,0.0839,11,<,1.00E-09,1.10E+05,18.6,246,3346,JPL#06
5693,1993 EA,2037,Jan,4,23:06,<  00:01,31.8,0.0817,0.0817,21.25,<,1.00E-09,2.50E+05,17,154,5623,JPL#09
,1999 RQ36,2037,Feb,11,13:16,0:21,38.4,0.0986,0.0983,7.53,<,1.00E-09,6.10E+05,21,167*,20,JPL#31
4034,1986 PA,2037,Mar,28,10:33,<  00:01,69.9,0.1796,0.1796,11.15,<,1.00E-09,3.30E+05,18.1,96*,4754,JPL#07
11500,1989 UR,2037,May,30,21:18,0:01,51.5,0.1323,0.1323,9.37,<,1.00E-09,3.30E+05,18.4,163,3588,JPL#18
,1991 AQ,2037,Aug,19,17:21,0:01,32.6,0.0837,0.0837,27.14,<,1.00E-09,6.40E+04,17,88*,1359,JPL#04
2340,Hathor,2038,Oct,23,8:52,<  00:01,44.2,0.1137,0.1136,16.74,<,1.00E-09,1.20E+05,19.2,72,7739,JPL#10
2102,Tantalus,2038,Dec,27,7:34,<  00:01,17.3,0.0444,0.0444,33.43,<,1.00E-09,2.40E+05,16.2,190,8265,JPL#16
4015,Wilson-Harrington,2039,Oct,31,9:05,<  00:01,42.1,0.1083,0.1083,12.13,<,1.00E-09,2.40E+05,16,139,17573,JPL#19
1620,Geographos,2040,Mar,12,10:58,<  00:01,44.2,0.1136,0.1136,13.74,<,1.00E-09,2.00E+06,15.6,965*,16994,JPL#65
7822,1991 CS,2040,Sep,1,9:15,<  00:01,24.9,0.0641,0.0641,19.12,<,1.00E-09,3.80E+05,17.4,204*,2383,JPL#08
,1990 OS,2040,Sep,3,,5/20:57,30.6,0.0787,0.0696,8.15,<,1.00E-09,2.50E+04,20,28*,13,JPL#07
2201,Oljato,2040,Dec,16,12:57,0:01,38.9,0.0999,0.0999,23.28,<,1.00E-09,5.50E+04,15.2,141*,24684,JPL#17
6239,Minos,2041,Feb,4,9:24,<  00:01,34.7,0.0891,0.0891,10.44,<,1.00E-09,1.90E+05,17.9,57,5855,JPL#08
7822,1991 CS,2041,Feb,22,16:02,<  00:01,66.3,0.1704,0.1704,18.62,<,1.00E-09,2.90E+06,17.4,204*,2383,JPL#08
6037,1988 EG,2041,Feb,27,21:37,<  00:01,9.5,0.0244,0.0244,15.02,<,1.00E-09,2.40E+06,18.7,295*,3686,JPL#21
,1996 JG,2042,May,18,20:09,5:28,42.6,0.1094,0.105,23.23,<,1.00E-09,1.20E+06,19.5,263*,20,JPL#11
,1999 RQ36,2043,Feb,9,18:33,0:22,37.7,0.0968,0.0965,4.3,<,1.00E-09,8.50E+05,21,167*,20,JPL#31
5604,1992 FE,2043,Feb,24,9:51,0:13,21.6,0.0555,0.0541,10.76,<,1.00E-09,7.30E+04,16.4,48,6907,JPL#06
1566,Icarus,2043,Jun,13,16:57,<  00:01,22.8,0.0586,0.0586,27.71,<,1.00E-09,1.10E+06,16.4,579*,17174,JPL#29
2101,Adonis,2043,Jul,16,4:34,<  00:01,58.1,0.1492,0.1492,20.41,<,1.00E-09,2.40E+05,18.7,57*,21572,JPL#12
4581,Asclepius,2043,Aug,16,0:43,0:47,52.1,0.1338,0.1331,14.29,<,1.00E-09,6.60E+04,20.4,34,444,JPL#04
2201,Oljato,2044,May,30,11:56,0:02,50.2,0.1289,0.1289,16.52,<,1.00E-09,3.90E+04,15.2,141*,24684,JPL#17
4581,Asclepius,2044,Aug,24,3:55,0:42,34.6,0.0889,0.0881,8.5,<,1.00E-09,7.10E+04,20.4,34,444,JPL#04
3362,Khufu,2044,Aug,24,23:21,0:01,43.5,0.1117,0.1117,18.44,<,1.00E-09,7.50E+04,18.3,153,5216,JPL#06
11500,1989 UR,2044,Nov,28,12:50,<  00:01,52.3,0.1343,0.1343,8.55,<,1.00E-09,4.40E+05,18.4,163,3588,JPL#18
5604,1992 FE,2045,Jun,17,19:36,1:38,54.9,0.141,0.1392,15.89,<,1.00E-09,7.90E+04,16.4,48,6907,JPL#06
7753,1988 XB,2045,Jul,6,2:08,0:01,34.4,0.0883,0.0883,11.01,<,1.00E-09,2.00E+05,18.6,246,3346,JPL#06
3362,Khufu,2045,Aug,22,1:37,0:01,8.2,0.0211,0.0211,15.72,<,1.00E-09,8.20E+04,18.3,153,5216,JPL#06
2340,Hathor,2045,Oct,21,8:10,<  00:01,9.4,0.0242,0.0242,12.59,<,1.00E-09,1.10E+05,19.2,72,7739,JPL#10
6489,Golevka,2046,May,14,5:26,<  00:01,19.8,0.0508,0.0508,13.41,<,1.00E-09,1.30E+06,19.2,686*,3021,JPL#54
3362,Khufu,2046,Aug,20,7:39,<  00:01,27.5,0.0708,0.0707,13.32,<,1.00E-09,9.30E+04,18.3,153,5216,JPL#06
4769,Castalia,2046,Aug,26,19:48,0:01,9.8,0.0251,0.0251,14.72,<,1.00E-09,7.90E+05,16.9,98*,2179,JPL#19
5189,1990 UQ,2046,Oct,1,9:10,0:04,42.5,0.1091,0.1091,15.68,<,1.00E-09,9.50E+04,17.3,37,2949,JPL#04
1862,Apollo,2046,Nov,13,4:49,<  00:01,13.7,0.0353,0.0353,17.98,<,1.00E-09,1.00E+06,16.2,246*,24876,JPL#35
,1999 FN53,2047,May,27,18:13,10:11,53.3,0.1369,0.1344,13.78,<,1.00E-09,1.10E+06,18.4,124*,190,JPL#36
3362,Khufu,2047,Aug,20,22:28,0:01,61.2,0.1572,0.1572,11.26,<,1.00E-09,1.30E+05,18.3,153,5216,JPL#06
1862,Apollo,2048,May,13,23:57,<  00:01,19.4,0.0498,0.0498,16.15,<,1.00E-09,6.10E+05,16.2,246*,24876,JPL#35
5189,1990 UQ,2048,Jul,30,23:00,0:22,77.8,0.1999,0.1999,10.93,<,1.00E-09,5.70E+05,17.3,37,2949,JPL#04
,1999 RQ36,2048,Nov,14,18:29,7:29,46.8,0.1204,0.1202,4.66,<,1.00E-09,1.10E+06,21,167*,20,JPL#31
,1999 RQ36,2049,Mar,7,20:57,5:30,71.3,0.1831,0.1828,4.48,<,1.00E-09,1.30E+06,21,167*,20,JPL#31
4953,1990 MU,2049,Nov,24,11:52,0:09,47.8,0.1227,0.1227,25.43,<,1.00E-09,2.70E+05,14.1,81*,9142,JPL#14
,1996 JG,2049,Nov,26,3:49,7:54,21,0.054,0.0481,21.65,<,1.00E-09,2.50E+05,19.5,263*,20,JPL#11
2340,Hathor,2050,Jan,13,12:58,<  00:01,56.1,0.1441,0.1441,10.29,<,1.00E-09,3.60E+05,19.2,72,7739,JPL#10
4581,Asclepius,2050,Mar,30,20:23,3:42,74,0.1901,0.1894,6.49,<,1.00E-09,1.10E+05,20.4,34,444,JPL#04
4769,Castalia,2050,Apr,11,2:16,0:01,60.6,0.1558,0.1558,17.79,<,1.00E-09,3.60E+05,16.9,98*,2179,JPL#19
5189,1990 UQ,2050,May,14,23:52,0:07,31.4,0.0806,0.0805,11.28,<,1.00E-09,1.90E+05,17.3,37,2949,JPL#04
8014,1990 MF,2050,Aug,31,22:29,0:05,23.5,0.0604,0.0603,7.57,<,1.00E-09,9.90E+04,18.7,78*,2760,JPL#11
5011,Ptah,2050,Nov,10,16:50,0:05,41.1,0.1057,0.1057,14.13,<,1.00E-09,1.20E+05,17.1,32,13427,JPL#08
4660,Nereus,2050,Nov,25,2:37,0:07,60.3,0.1549,0.1548,10.94,<,1.00E-09,2.80E+04,18.2,32,5813,JPL#09
3200,Phaethon,2050,Dec,11,19:45,<  00:01,32.1,0.0826,0.0825,36.24,<,1.00E-09,1.10E+05,14.6,369,5776,JPL#13
4581,Asclepius,2051,Mar,24,8:01,0:45,4.7,0.012,0.0112,11.04,<,1.00E-09,2.10E+04,20.4,34,444,JPL#04
4183,Cuno,2051,Jun,9,12:48,<  00:01,76,0.1953,0.1953,22.12,<,1.00E-09,3.20E+05,14.4,173,14674,JPL#11
,1997 BR,2051,Jul,23,14:35,<  00:01,11.3,0.0291,0.0291,12.08,<,1.00E-09,2.30E+05,17.5,421*,6481,JPL#05
1620,Geographos,2051,Aug,23,3:35,<  00:01,18.6,0.0479,0.0479,11.01,<,1.00E-09,5.40E+06,15.6,965*,16994,JPL#65
2340,Hathor,2052,Nov,2,13:42,<  00:01,66,0.1697,0.1697,9.98,<,1.00E-09,4.30E+05,19.2,72,7739,JPL#10
7753,1988 XB,2052,Nov,16,12:33,0:01,44.3,0.1138,0.1138,10.24,<,1.00E-09,1.20E+05,18.6,246,3346,JPL#06
5011,Ptah,2053,Mar,9,12:48,0:14,37.6,0.0967,0.0966,10.07,<,1.00E-09,1.00E+04,17.1,32,13427,JPL#08
,1990 OS,2053,Nov,17,,1/22:23,8.9,0.023,0.0172,10.26,<,1.00E-09,1.30E+04,20,28*,13,JPL#07
11500,1989 UR,2053,Nov,26,22:17,<  00:01,13.7,0.0351,0.0351,11.68,<,1.00E-09,3.90E+05,18.4,163,3588,JPL#18
4183,Cuno,2053,Dec,22,18:44,<  00:01,59.8,0.1537,0.1537,21.57,<,1.00E-09,1.30E+05,14.4,173,14674,JPL#11
,1999 RQ36,2054,Sep,29,23:53,2:02,15.2,0.0391,0.0386,5.1,<,1.00E-09,2.30E+05,21,167*,20,JPL#31
7335,1989 JA,2055,Jun,23,1:46,0:21,72.1,0.1852,0.1851,10.62,<,1.00E-09,5.50E+05,16.5,143*,2805,JPL#10
6037,1988 EG,2056,Aug,24,19:45,0:02,24.9,0.064,0.064,13.3,<,1.00E-09,9.60E+05,18.7,295*,3686,JPL#21
2201,Oljato,2056,Dec,14,21:02,<  00:01,46,0.1182,0.1181,24.07,<,1.00E-09,8.30E+04,15.2,141*,24684,JPL#17
2340,Hathor,2057,Jan,16,13:45,<  00:01,46.8,0.1203,0.1203,15.07,<,1.00E-09,3.30E+05,19.2,72,7739,JPL#10
4769,Castalia,2057,Aug,19,19:51,0:02,64.2,0.1649,0.1648,19.84,<,1.00E-09,4.30E+05,16.9,98*,2179,JPL#19
7482,1994 PC1,2058,Jan,25,8:46,0:40,58.3,0.1497,0.1491,18.58,<,1.00E-09,2.00E+05,16.8,238*,8344,JPL#14
4953,1990 MU,2058,Jun,5,10:21,0:10,9,0.0231,0.023,23.12,<,1.00E-09,8.60E+04,14.1,81*,9142,JPL#14
4450,Pan,2058,Sep,5,10:51,<  00:01,30.5,0.0785,0.0785,20.33,<,1.00E-09,1.40E+05,17.2,104,3355,JPL#03
1981,Midas,2058,Sep,23,8:00,<  00:01,46.7,0.1199,0.1199,30.66,<,1.00E-09,2.00E+05,15.5,95*,9534,JPL#15
4486,Mithra,2059,Apr,1,18:30,1:01,40.2,0.1032,0.1029,14.85,<,1.00E-09,1.30E+05,15.6,64,9067,JPL#07
4660,Nereus,2060,Feb,14,7:23,0:46,3.1,0.0081,0.008,6.33,<,1.00E-09,2.30E+04,18.2,32,5813,JPL#09
4450,Pan,2060,Feb,17,20:06,<  00:01,14.4,0.0369,0.0369,19.16,<,1.00E-09,8.10E+04,17.2,104,3355,JPL#03
5604,1992 FE,2060,Feb,28,21:29,3:40,47.1,0.1211,0.1169,15.56,<,1.00E-09,6.00E+04,16.4,48,6907,JPL#06
2201,Oljato,2060,May,23,9:49,<  00:01,74.8,0.1922,0.1922,14.89,<,1.00E-09,3.90E+05,15.2,141*,24684,JPL#17
,1999 RQ36,2060,Sep,23,1:20,1:26,1.8,0.0048,0.0043,6.18,<,1.00E-09,1.40E+05,21,167*,20,JPL#31
3200,Phaethon,2060,Dec,18,11:33,<  00:01,43.3,0.1111,0.1111,30.65,<,1.00E-09,1.10E+05,14.6,369,5776,JPL#13
2102,Tantalus,2060,Dec,23,7:04,<  00:01,38.6,0.0991,0.0991,34.28,<,1.00E-09,2.40E+05,16.2,190,8265,JPL#16
4769,Castalia,2061,Apr,1,16:45,0:03,56.3,0.1447,0.1446,12.73,<,1.00E-09,3.90E+05,16.9,98*,2179,JPL#19
2101,Adonis,2061,Jul,1,20:15,<  00:01,48.3,0.1242,0.1242,28.39,<,1.00E-09,2.80E+05,18.7,57*,21572,JPL#12
7753,1988 XB,2061,Jul,3,7:09,<  00:01,24.7,0.0633,0.0633,11.72,<,1.00E-09,2.00E+05,18.6,246,3346,JPL#06
2135,Aristaeus,2062,Mar,26,1:55,0:21,33.1,0.085,0.0847,15.96,<,1.00E-09,5.10E+03,17.9,18,4880,JPL#03
1566,Icarus,2062,Jun,18,1:10,<  00:01,32.5,0.0834,0.0834,31.27,<,1.00E-09,1.20E+06,16.4,579*,17174,JPL#29
5604,1992 FE,2062,Jun,22,13:40,2:01,22.5,0.0577,0.0566,11.55,<,1.00E-09,8.90E+04,16.4,48,6907,JPL#06
2340,Hathor,2062,Oct,25,12:10,<  00:01,70.4,0.181,0.181,18.89,<,1.00E-09,1.00E+05,19.2,72,7739,JPL#10
11500,1989 UR,2062,Nov,21,23:33,0:01,55.8,0.1434,0.1433,15.66,<,1.00E-09,3.20E+05,18.4,163,3588,JPL#18
1981,Midas,2063,Mar,14,10:17,<  00:01,32.1,0.0825,0.0825,30.15,<,1.00E-09,1.70E+05,15.5,95*,9534,JPL#15
6037,1988 EG,2064,Feb,22,7:56,0:02,41.3,0.106,0.106,11.81,<,1.00E-09,2.70E+06,18.7,295*,3686,JPL#21
2135,Aristaeus,2064,Apr,2,19:45,0:16,21.2,0.0545,0.0543,18.76,<,1.00E-09,1.10E+04,17.9,18,4880,JPL#03
,1990 OS,2064,Jul,26,,1/00:41,72,0.1851,0.1683,15.41,<,1.00E-09,2.00E+04,20,28*,13,JPL#07
3362,Khufu,2064,Dec,28,21:10,0:07,59.8,0.1537,0.1537,13.57,<,1.00E-09,6.20E+05,18.3,153,5216,JPL#06
1620,Geographos,2065,Mar,13,19:56,<  00:01,37.6,0.0966,0.0966,12.95,<,1.00E-09,2.20E+06,15.6,965*,16994,JPL#65
4183,Cuno,2065,May,20,11:21,<  00:01,49.8,0.128,0.128,14.08,<,1.00E-09,4.00E+05,14.4,173,14674,JPL#11
5693,1993 EA,2065,Jun,3,20:47,<  00:01,34.3,0.0882,0.0882,16.54,<,1.00E-09,4.00E+05,17,154,5623,JPL#09
7822,1991 CS,2065,Aug,31,3:57,<  00:01,9.7,0.025,0.025,19.36,<,1.00E-09,3.80E+05,17.4,204*,2383,JPL#08
9856,1991 EE,2065,Sep,6,12:48,0:03,11.9,0.0305,0.0304,16.34,<,1.00E-09,3.50E+05,17.5,101*,2833,JPL#20
3362,Khufu,2065,Dec,24,15:35,0:08,59.5,0.1528,0.1527,16.38,<,1.00E-09,5.80E+05,18.3,153,5216,JPL#06
7822,1991 CS,2066,Feb,23,4:23,<  00:01,73.2,0.1881,0.1881,18.47,<,1.00E-09,3.00E+06,17.4,204*,2383,JPL#08
,1996 JG,2066,Nov,8,6:08,2:14,76.5,0.1965,0.1956,14.47,<,1.00E-09,2.90E+05,19.5,263*,20,JPL#11
6239,Minos,2068,Jan,22,8:45,<  00:01,76.5,0.1966,0.1966,18.68,<,1.00E-09,3.00E+05,17.9,57,5855,JPL#08
,1999 RQ36,2068,Feb,15,,1/10:05,31,0.0797,0.0745,4.92,<,1.00E-09,9.10E+05,21,167*,20,JPL#31
,1997 BR,2068,Jul,24,16:49,0:02,19.2,0.0494,0.0494,12.45,<,1.00E-09,2.50E+05,17.5,421*,6481,JPL#05
7753,1988 XB,2068,Nov,14,3:06,<  00:01,49.1,0.1262,0.1262,9.99,<,1.00E-09,2.30E+05,18.6,246,3346,JPL#06
7482,1994 PC1,2069,Jan,14,22:19,0:47,27.3,0.0702,0.0695,20.52,<,1.00E-09,5.50E+04,16.8,238*,8344,JPL#14
5604,1992 FE,2069,Feb,25,2:54,6:26,43.1,0.1108,0.1054,9.14,<,1.00E-09,8.60E+04,16.4,48,6907,JPL#06
6489,Golevka,2069,Jul,19,23:26,<  00:01,39.4,0.1012,0.1012,10.61,<,1.00E-09,3.30E+06,19.2,686*,3021,JPL#54
6239,Minos,2069,Aug,13,7:10,<  00:01,26.8,0.0688,0.0688,10.97,<,1.00E-09,1.60E+05,17.9,57,5855,JPL#08
2340,Hathor,2069,Oct,21,8:26,<  00:01,2.6,0.0066,0.0066,13.2,<,1.00E-09,9.10E+04,19.2,72,7739,JPL#10
4179,Toutatis,2069,Nov,5,15:45,0:13,7.7,0.0198,0.0198,8.41,<,1.00E-09,1.40E+06,15.3,711*,3216,JPL#69
3757,1982 XB,2070,Jan,12,6:08,<  00:01,33.7,0.0867,0.0867,7.03,<,1.00E-09,2.40E+05,18.9,83*,5580,JPL#06
4034,1986 PA,2070,Sep,7,23:31,<  00:01,73.7,0.1894,0.1893,9.75,<,1.00E-09,1.80E+05,18.1,96*,4754,JPL#07
8566,1996 EN,2070,Sep,8,12:15,0:03,9.8,0.0251,0.0251,23.26,<,1.00E-09,1.40E+05,16.5,294,5716,JPL#06
4660,Nereus,2071,Feb,4,,1/12:57,6.3,0.0163,0.0141,5.64,<,1.00E-09,2.00E+04,18.2,32,5813,JPL#09
1566,Icarus,2071,Jun,10,12:28,<  00:01,69.8,0.1794,0.1794,24.45,<,1.00E-09,1.20E+06,16.4,579*,17174,JPL#29
1862,Apollo,2071,Nov,17,19:34,<  00:01,41.5,0.1066,0.1066,20.34,<,1.00E-09,4.20E+05,16.2,246*,24876,JPL#35
3671,Dionysus,2072,May,29,23:04,<  00:01,57.2,0.147,0.147,14.5,<,1.00E-09,2.50E+05,16.3,185,4911,JPL#15
4581,Asclepius,2072,Aug,20,11:56,17:43,21,0.054,0.0473,11.5,<,1.00E-09,5.70E+04,20.4,34,444,JPL#04
2201,Oljato,2072,Dec,17,21:46,0:01,33,0.0849,0.0849,22.79,<,1.00E-09,5.60E+04,15.2,141*,24684,JPL#17
1862,Apollo,2073,May,20,12:48,<  00:01,51.3,0.1319,0.1319,13.58,<,1.00E-09,5.40E+05,16.2,246*,24876,JPL#35
5011,Ptah,2073,Nov,13,9:34,0:02,35.6,0.0914,0.0914,12.97,<,1.00E-09,1.20E+05,17.1,32,13427,JPL#08
2340,Hathor,2074,Jan,15,16:02,0:12,49.3,0.1266,0.1264,10.89,<,1.00E-09,3.80E+05,19.2,72,7739,JPL#10
11500,1989 UR,2074,Jun,17,6:14,0:03,51.1,0.1314,0.1313,14.34,<,1.00E-09,3.10E+05,18.4,163,3588,JPL#18
3757,1982 XB,2074,Dec,18,7:42,<  00:01,14.8,0.0379,0.0379,5.73,<,1.00E-09,6.50E+05,18.9,83*,5580,JPL#06
5011,Ptah,2076,Mar,14,5:41,0:04,26.4,0.0679,0.0679,10.81,<,1.00E-09,3.20E+04,17.1,32,13427,JPL#08
2201,Oljato,2076,May,28,17:05,0:02,59.9,0.1538,0.1538,15.85,<,1.00E-09,5.90E+04,15.2,141*,24684,JPL#17
1620,Geographos,2076,Aug,20,9:35,<  00:01,30.5,0.0784,0.0784,10.22,<,1.00E-09,6.60E+06,15.6,965*,16994,JPL#65
,1991 AQ,2077,Feb,5,17:15,0:05,73.9,0.1898,0.1897,19.11,<,1.00E-09,2.80E+05,17,88*,1359,JPL#04
2101,Adonis,2077,Feb,16,22:22,<  00:01,68.5,0.176,0.176,30.12,<,1.00E-09,1.50E+05,18.7,57*,21572,JPL#12
7753,1988 XB,2077,Jul,3,22:01,<  00:01,26.5,0.068,0.068,11.58,<,1.00E-09,2.00E+05,18.6,246,3346,JPL#06
5189,1990 UQ,2077,Sep,21,11:01,0:03,19.9,0.0511,0.0511,12.07,<,1.00E-09,1.00E+05,17.3,37,2949,JPL#04
,1990 OS,2077,Oct,31,,3/22:07,25,0.0642,0.0555,8.28,<,1.00E-09,2.10E+04,20,28*,13,JPL#07
4581,Asclepius,2078,Mar,21,11:56,17:25,49.9,0.1282,0.1096,7.18,<,1.00E-09,2.90E+02,20.4,34,444,JPL#04
6239,Minos,2079,Jan,27,20:52,<  00:01,30.8,0.0793,0.0792,14.96,<,1.00E-09,1.90E+05,17.9,57,5855,JPL#08
4581,Asclepius,2079,Mar,28,5:30,21:14,42.9,0.1103,0.0832,13.94,<,1.00E-09,2.00E+04,20.4,34,444,JPL#04
5604,1992 FE,2079,Jun,13,,1/05:19,75.4,0.1936,0.1884,8.04,<,1.00E-09,1.10E+05,16.4,48,6907,JPL#06
6037,1988 EG,2079,Aug,22,11:43,<  00:01,13.3,0.0342,0.0342,14.82,<,1.00E-09,7.70E+05,18.7,295*,3686,JPL#21
3908,Nyx,2079,Sep,19,14:05,<  00:01,63.5,0.1631,0.1631,9.5,<,1.00E-09,1.30E+06,17.4,602*,6033,JPL#11
3757,1982 XB,2079,Nov,27,5:09,<  00:01,43.5,0.1118,0.1118,8.55,<,1.00E-09,1.60E+05,18.9,83*,5580,JPL#06
2102,Tantalus,2080,Jan,2,2:58,<  00:01,70,0.1799,0.1799,32.62,<,1.00E-09,2.30E+05,16.2,190,8265,JPL#16
6239,Minos,2080,Aug,18,15:00,<  00:01,21.2,0.0544,0.0544,14.28,<,1.00E-09,1.10E+05,17.9,57,5855,JPL#08
,1991 AQ,2080,Aug,25,23:22,0:03,76.6,0.1968,0.1968,30.61,<,1.00E-09,2.00E+04,17,88*,1359,JPL#04
4769,Castalia,2080,Aug,27,21:15,0:02,24.1,0.0618,0.0618,13.48,<,1.00E-09,9.10E+05,16.9,98*,2179,JPL#19
8014,1990 MF,2080,Sep,12,10:54,0:03,15.3,0.0393,0.0393,7.84,<,1.00E-09,9.70E+04,18.7,78*,2760,JPL#11
1862,Apollo,2080,Nov,5,9:17,0:02,38.1,0.0979,0.0979,14.57,<,1.00E-09,4.80E+05,16.2,246*,24876,JPL#35
4953,1990 MU,2080,Nov,19,1:34,1:27,73.7,0.1895,0.1885,27.91,<,1.00E-09,2.80E+05,14.1,81*,9142,JPL#14
5189,1990 UQ,2081,May,3,14:01,0:03,38.4,0.0987,0.0986,14.96,<,1.00E-09,1.80E+05,17.3,37,2949,JPL#04
7335,1989 JA,2081,May,20,0:13,0:10,33.1,0.0849,0.0848,15.36,<,1.00E-09,1.80E+05,16.5,143*,2805,JPL#10
4660,Nereus,2081,Nov,27,,3/02:51,52.4,0.1345,0.0923,10.32,<,1.00E-09,2.30E+04,18.2,32,5813,JPL#09
1862,Apollo,2082,May,12,11:05,0:02,13,0.0333,0.0333,17.51,<,1.00E-09,4.60E+05,16.2,246*,24876,JPL#35
4015,Wilson-Harrington,2082,Aug,18,18:09,<  00:01,42,0.1078,0.1078,11.93,<,1.00E-09,1.10E+05,16,139,17573,JPL#19
4034,1986 PA,2082,Sep,8,22:05,<  00:01,64,0.1643,0.1643,10.2,<,1.00E-09,1.30E+05,18.1,96*,4754,JPL#07
5693,1993 EA,2082,Dec,27,17:56,<  00:01,46.4,0.1194,0.1193,15.29,<,1.00E-09,6.00E+04,17,154,5623,JPL#09
3361,Orpheus,2083,Apr,26,3:34,<  00:01,46.4,0.1193,0.1193,12.14,<,1.00E-09,1.60E+05,19,84,5908,JPL#04
11500,1989 UR,2083,Jun,8,16:12,0:05,35.2,0.0903,0.0903,10.97,<,1.00E-09,2.60E+05,18.4,163,3588,JPL#18
4769,Castalia,2084,Apr,13,13:49,0:03,76.9,0.1976,0.1975,19.53,<,1.00E-09,3.70E+05,16.9,98*,2179,JPL#19
4450,Pan,2084,Sep,11,9:22,0:01,74.1,0.1903,0.1903,23.93,<,1.00E-09,1.40E+05,17.2,104,3355,JPL#03
7753,1988 XB,2084,Nov,16,2:25,0:01,45.1,0.1159,0.1159,10.19,<,1.00E-09,8.80E+04,18.6,246,3346,JPL#06
3671,Dionysus,2085,Jun,18,8:19,<  00:01,10.9,0.028,0.028,11.04,<,1.00E-09,4.10E+05,16.3,185,4911,JPL#15
4486,Mithra,2085,Aug,24,10:07,2:38,52.4,0.1346,0.1328,21.15,<,1.00E-09,7.80E+04,15.6,64,9067,JPL#07
4450,Pan,2086,Feb,23,22:58,0:01,39.3,0.1011,0.1011,15.61,<,1.00E-09,8.90E+04,17.2,104,3355,JPL#03
5604,1992 FE,2086,Feb,26,21:49,4:26,31.1,0.08,0.0747,14.22,<,1.00E-09,6.30E+04,16.4,48,6907,JPL#06
2340,Hathor,2086,Oct,21,16:05,<  00:01,2.2,0.0057,0.0056,13.24,<,1.00E-09,8.70E+04,19.2,72,7739,JPL#10
6037,1988 EG,2087,Feb,17,18:28,0:02,61.1,0.1571,0.1571,10.26,<,1.00E-09,1.60E+06,18.7,295*,3686,JPL#21
3361,Orpheus,2087,Apr,21,16:20,<  00:01,20.1,0.0515,0.0515,10.09,<,1.00E-09,1.60E+05,19,84,5908,JPL#04
3908,Nyx,2087,Oct,8,13:25,<  00:01,26.9,0.0692,0.0692,5.91,<,1.00E-09,1.00E+06,17.4,602*,6033,JPL#11
5693,1993 EA,2088,Jun,9,16:27,<  00:01,74.3,0.1909,0.1909,13.43,<,1.00E-09,3.20E+05,17,154,5623,JPL#09
5604,1992 FE,2088,Jun,21,13:48,1:18,22.2,0.057,0.0562,12.51,<,1.00E-09,8.90E+04,16.4,48,6907,JPL#06
1981,Midas,2089,Mar,20,14:00,<  00:01,28.1,0.0723,0.0723,26.85,<,1.00E-09,8.00E+04,15.5,95*,9534,JPL#15
4953,1990 MU,2089,May,30,18:41,1:33,48.5,0.1246,0.1232,20.29,<,1.00E-09,6.70E+04,14.1,81*,9142,JPL#14
6239,Minos,2090,Feb,4,13:33,<  00:01,32.5,0.0836,0.0836,10.61,<,1.00E-09,1.90E+05,17.9,57,5855,JPL#08
1620,Geographos,2090,Mar,11,6:39,<  00:01,58.7,0.1508,0.1508,15.01,<,1.00E-09,2.40E+06,15.6,965*,16994,JPL#65
1566,Icarus,2090,Jun,14,7:09,<  00:01,16.9,0.0435,0.0435,28.17,<,1.00E-09,1.10E+06,16.4,579*,17174,JPL#29
7822,1991 CS,2090,Sep,1,3:49,<  00:01,15.2,0.0391,0.0391,19.23,<,1.00E-09,3.80E+05,17.4,204*,2383,JPL#08
2340,Hathor,2091,Jan,17,4:10,4:38,43.5,0.1117,0.1077,11.85,<,1.00E-09,4.00E+05,19.2,72,7739,JPL#10
7822,1991 CS,2091,Feb,23,9:24,<  00:01,70.1,0.1802,0.1802,18.52,<,1.00E-09,2.90E+06,17.4,204*,2383,JPL#08
3361,Orpheus,2091,Apr,18,22:49,<  00:01,8.2,0.0211,0.0211,9.09,<,1.00E-09,1.90E+05,19,84,5908,JPL#04
1862,Apollo,2091,May,6,6:44,0:10,52.7,0.1355,0.1353,21.15,<,1.00E-09,4.30E+05,16.2,246*,24876,JPL#35
4450,Pan,2091,Aug,21,12:46,0:01,70,0.1799,0.1799,13.52,<,1.00E-09,2.10E+05,17.2,104,3355,JPL#03
4769,Castalia,2091,Aug,23,15:02,0:01,34.8,0.0894,0.0893,17.57,<,1.00E-09,5.40E+05,16.9,98*,2179,JPL#19
11500,1989 UR,2092,May,23,13:19,0:14,64.6,0.166,0.1659,8.86,<,1.00E-09,2.70E+05,18.4,163,3588,JPL#18
6489,Golevka,2092,Jun,19,10:30,<  00:01,43.1,0.1108,0.1108,10.66,<,1.00E-09,3.70E+06,19.2,686*,3021,JPL#54
4183,Cuno,2093,Jan,8,3:06,0:01,32.8,0.0843,0.0843,14.87,<,1.00E-09,1.20E+05,14.4,173,14674,JPL#11
7753,1988 XB,2093,Jul,4,21:02,<  00:01,29.7,0.0764,0.0764,11.33,<,1.00E-09,2.00E+05,18.6,246,3346,JPL#06
2061,Anza,2093,Aug,27,15:03,0:09,69.7,0.1792,0.1791,10.55,<,1.00E-09,7.30E+04,16.6,55,13347,JPL#01
3200,Phaethon,2093,Dec,14,10:53,<  00:01,7.7,0.0198,0.0198,34.23,<,1.00E-09,8.10E+04,14.6,369,5776,JPL#13
1620,Geographos,2094,Sep,3,10:34,<  00:01,74,0.19,0.19,16.69,<,1.00E-09,1.90E+06,15.6,965*,16994,JPL#65
4034,1986 PA,2094,Sep,8,17:48,<  00:01,66.8,0.1717,0.1717,10.07,<,1.00E-09,1.40E+05,18.1,96*,4754,JPL#07
2101,Adonis,2095,Feb,1,11:43,<  00:01,59.8,0.1536,0.1536,20.17,<,1.00E-09,2.80E+05,18.7,57*,21572,JPL#12
5604,1992 FE,2095,Feb,25,11:42,5:59,41.5,0.1065,0.1006,9.24,<,1.00E-09,8.50E+04,16.4,48,6907,JPL#06
4769,Castalia,2095,Apr,6,19:42,0:01,47.6,0.1223,0.1223,15.04,<,1.00E-09,3.60E+05,16.9,98*,2179,JPL#19
3361,Orpheus,2095,Apr,21,19:13,<  00:01,20.6,0.053,0.053,10.13,<,1.00E-09,1.70E+05,19,84,5908,JPL#04
3908,Nyx,2095,Oct,28,2:20,<  00:01,22.8,0.0587,0.0587,5.56,<,1.00E-09,4.00E+06,17.4,602*,6033,JPL#11
2340,Hathor,2096,Oct,25,,1/01:22,67.3,0.173,0.1375,18.65,<,1.00E-09,7.90E+04,19.2,72,7739,JPL#10
5011,Ptah,2096,Nov,9,13:10,<  00:01,45.1,0.116,0.1159,14.59,<,1.00E-09,9.90E+04,17.1,32,13427,JPL#08
5604,1992 FE,2097,Jun,15,20:32,9:36,75.4,0.1937,0.1841,17.6,<,1.00E-09,7.40E+04,16.4,48,6907,JPL#06
5011,Ptah,2099,Mar,4,13:50,0:02,47.4,0.1219,0.1219,9.63,<,1.00E-09,1.00E+05,17.1,32,13427,JPL#08
3361,Orpheus,2099,Apr,26,8:47,<  00:01,47,0.1207,0.1207,12.18,<,1.00E-09,1.80E+05,19,84,5908,JPL#04
,1997 BR,2099,Jun,25,10:15,0:03,74.4,0.1912,0.1912,10.24,<,1.00E-09,7.70E+05,17.5,421*,6481,JPL#05
4581,Asclepius,2099,Aug,23,,2/21:40,18.3,0.0471,0.0453,10.28,<,1.00E-09,5.90E+04,20.4,34,444,JPL#04
11500,1989 UR,2099,Nov,29,16:14,<  00:01,40.6,0.1044,0.1044,9.26,<,1.00E-09,4.30E+05,18.4,163,3588,JPL#18
